budget_id,t0,t1,a,b,eps,p,alpha,face_policy,omega,F,S,C,tau_R,IC,kappa,Delta_kappa,D_omega,residual,regime,min_IC,weld_id,manifest_sha256
PHYS-01,unknown,unknown,-3.7280384,10.856631,1e-08,3,1.0,post_clip+guard,0.13333333333333333,0.8666666666666667,0.14983,0.07680500000000001,2.5,0.6229179050078246,-0.47334054254079877,-0.32024658732518085,0.1,None,Watch,0.32791,unknown,7247553fb9576436b097cc0f1e24f5194b816a516a349d3f49775007458cc84a
LANG-01,unknown,unknown,-3.7280384,10.856631,1e-08,3,1.0,post_clip+guard,0.2179876189061606,0.7820123810938394,0.33674134977041625,0.21784708099751296,800.2,0.3634413595485978,-1.0121373167593215,-0.008494982397522095,0.0,None,Watch,0.021923977716893077,unknown,7247553fb9576436b097cc0f1e24f5194b816a516a349d3f49775007458cc84a
LOGIC-01,unknown,unknown,-3.7280384,10.856631,1e-08,3,1.0,post_clip+guard,0.0,1.0,-9.999999889225288e-09,0.0,1.999,1.0,0.0,0.0,0.0,None,Stable,1.0,unknown,7247553fb9576436b097cc0f1e24f5194b816a516a349d3f49775007458cc84a
